geneID	tissue_1	tissue_2	tissue_3	tissue_4	tissue_5	tissue_6	tissue_7	tissue_8	tissue_9	tissue_10	tissue_11	tissue_12	tissue_13	tissue_14	tissue_15	tissue_16	tissue_17	tissue_18	tissue_19	tissue_20	tissue_21	tissue_22	tissue_23
LOC_Os08g39890	3.113091	2.7611282	2.9888346	2.8137648	2.2721953	1.0306025	1.8846725	2.7159643	2.8552897	0.262909	1.018249	1.6791353	3.2448459	3.0769958	2.9677114	0.30292842	3.3776455	2.472739	1.5946361	3.0364304	2.1581268	2.9719372	1.0074707
LOC_Os08g39890.Rp	3.0343654	2.5686715	2.8298295	2.695378	2.0314412	0.99496937	1.5274001	2.4164298	2.676211	0.38518995	1.0440688	1.5756872	3.1078289	2.8208551	2.7831175	0.46331972	3.0440345	2.2725286	1.5471281	2.7878249	1.8901731	2.88263	0.9269682
LOC_Os08g39890	2.4005563	2.124445	2.3104484	2.273192	2.3109686	0.3569821	1.6528913	1.8842132	2.9017506	0.64208275	0.7600068	0.8399082	2.7701077	2.3173714	2.981946	0.7166015	2.8867633	3.031806	0.9437037	2.424804	1.9074372	2.4983618	0.6964882
LOC_Os08g39890.Rp	2.1943493	1.948517	2.1106045	2.0584006	2.0607839	0.3556375	1.4536556	1.7785436	2.6012943	0.61830413	0.72978425	0.81980765	2.501751	2.0145617	2.7036855	0.6796129	2.6413271	2.6281757	0.8511532	2.2154977	1.7060698	2.303184	0.7027201
LOC_Os08g39890	2.812931	2.1706443	2.700117	2.7320914	2.7185054	0.673494	1.7346163	1.724858	2.7654529	0.7836808	1.1055405	1.4906279	2.52916	3.1229632	2.8941114	0.74623305	2.7428353	2.7287536	0.44150355	2.164779	2.1858342	2.281655	1.140906
LOC_Os08g39890.Rp	2.2966728	1.7517475	2.290517	2.4661171	2.345218	0.8274135	1.4243215	1.4527234	2.3208642	0.8653552	1.0526783	1.3841652	2.0208516	2.6772277	2.4115968	0.88094777	2.4784882	2.1615357	0.4239668	1.805047	1.8033733	1.981978	0.85822326
LOC_Os08g39890	1.9354745	2.1622324	2.2249665	1.9805909	2.385973	0.44134304	2.217843	1.2518951	2.1921222	0.7342128	0.9374059	1.5765762	1.9690557	2.5185323	2.8038836	1.490319	2.5158832	3.1510153	1.233193	2.0670774	1.7290616	1.5312426	1.4370071
LOC_Os08g39890.Rp	1.9370574	1.9408022	2.071055	1.85139	2.1176023	0.6338814	2.0747828	1.1523769	1.9592891	0.8556479	1.0143673	1.4454532	1.9184221	2.220615	2.5298703	1.4671347	2.3078475	2.8418167	0.9987981	1.8508015	1.528381	1.4540588	1.3244821
