geneID	tissue_1	tissue_2	tissue_3	tissue_4	tissue_5	tissue_6	tissue_7	tissue_8	tissue_9	tissue_10	tissue_11	tissue_12	tissue_13	tissue_14	tissue_15	tissue_16	tissue_17	tissue_18	tissue_19	tissue_20	tissue_21	tissue_22	tissue_23
LOC_Os08g39890	3.113091	2.7611282	2.9888346	2.8137648	2.2721953	1.0306025	1.8846725	2.7159643	2.8552897	0.262909	1.018249	1.6791353	3.2448459	3.0769958	2.9677114	0.30292842	3.3776455	2.472739	1.5946361	3.0364304	2.1581268	2.9719372	1.0074707
LOC_Os08g39890.Rp	3.0343654	2.5686715	2.8298295	2.695378	2.0314412	0.99496937	1.5274001	2.4164298	2.676211	0.38518995	1.0440688	1.5756872	3.1078289	2.8208551	2.7831175	0.46331972	3.0440345	2.2725286	1.5471281	2.7878249	1.8901731	2.88263	0.9269682
